{"cameraMode":{"drawMode":0,"name":"Shaded","section":"Shading Mode"},"sceneLighting":true,"audioPlay":false,"sceneViewState":{"m_AlwaysRefresh":false,"showFog":true,"showSkybox":true,"showFlares":true,"showImageEffects":true,"showParticleSystems":true,"showVisualEffectGraphs":true,"m_FxEnabled":true},"in2DMode":false,"pivot":{"x":-1.0027832984924317,"y":4.24334716796875,"z":-0.7551083564758301},"rotation":{"x":0.055911093950271609,"y":-0.21690335869789124,"z":0.01244400441646576,"w":0.9745189547538757},"size":7.403316497802734,"orthographic":false}