{"cameraMode":{"drawMode":0,"name":"Shaded","section":"Shading Mode"},"sceneLighting":true,"audioPlay":false,"sceneViewState":{"m_AlwaysRefresh":false,"showFog":true,"showSkybox":true,"showFlares":true,"showImageEffects":true,"showParticleSystems":true,"showVisualEffectGraphs":true,"m_FxEnabled":true},"in2DMode":false,"pivot":{"x":5.574772834777832,"y":3.2716236114501955,"z":3.8746376037597658},"rotation":{"x":0.28575512766838076,"y":-0.11322382092475891,"z":0.03401714563369751,"w":0.9509901404380798},"size":0.06213951110839844,"orthographic":false}